BGC0000002,0000001010101001001010000000000001110000000000000000000000000000000000000000000
BGC0000003,0000001010101001001000000000000001110000000000000000000000000000000000000000000
BGC0000004,0000001010111001110000000000000000111000000000000000000000000000000000000000000
BGC0000005,0000001010111001110000000000000000111000000000000000000000000000000000000000000
BGC0000006,0000001010111001110000000000000000111000000000000000000000000000000000000000000
BGC0000007,0000001010111001110000000000000000111000000000000000000000000000000000000000000
BGC0000008,0000001010111001110000000000000000111000000000000000000000000000000000000000000
BGC0000009,0000001010111001110000000000000000111000000000000000000000000000000000000000000
BGC0000010,0000001010111001110000000000000000111000000000000000000000000000000000000000000
BGC0000011,0000001010111001110000000000000000111000000000000000000000000000000000000000000
BGC0000012,0000001010101001100000000000000001101000000000000000000000000000000000000000000
BGC0000013,0000001000010000110000000000000001101000000000000000000000000000000000000000000
BGC0000014,0000001010101001000000000000000001110000000000000000000000000000000000000000000
BGC0000015,0000001010101001001010000000000001110000000000000000000000000000000000000000000
BGC0000016,0000001010101001001010000000000001110000000000000000000000000000000000000000000
BGC0000017,0000001010101001000000010000000000100000000000000000000000000000000000000000000
BGC0000018,0000001010101001001000000000010001110000000000000000000000000000000000000000000
BGC0000019,0000001010101001001000000000010001110000000000000000000000000000000000000000000
BGC0000020,0000001010111001101000010000010001110000000000000000010000000000000000000000000
BGC0000021,0000001010101001001000000000000001110000000000000000000000000000000000000000000
BGC0000022,0000001010111001101000000000000001101000000000000000000000000000000000000000000
BGC0000024,0000001010111001100000000000001000111000000000000000000000000000000000000000000
BGC0000025,0000001010101001001000000000000001110000000000000000000000000000000000000000000
BGC0000026,0000001010001001101000000000000001110000000000000000010000000000000000000000000
BGC0000027,0000001010101001001000000000000000110000000000000000000000000000000000000000000
BGC0000028,0000001010101001001000000000000001110000000000000000000000000000000000000000000
BGC0000030,0000001000110001110000000000000001111000000000000000000000000000000000000000000
BGC0000031,0000001010101011000000000100000001110000000000000000000000000000000000000000000
BGC0000032,0000001010010001111000011000100001111000000000000000000000000000000000000000000
BGC0000033,0000001010101011101000010001000001110000000000000100000000000000000000000010000
BGC0000034,0000001010111001100010000000000001110000000000000000000000000000000000000000000
BGC0000035,0000001010101001001000000000000001110000000000000000000000000000000000000000000
BGC0000037,0000001010010001100000010000000001110000000000000000000000000000000000000000000
BGC0000039,0000001010101001000000000000000001110000000000000000000000000000000000000000000
BGC0000040,0000001010101001001000000000000001110000000000000000000000000000000000000000000
BGC0000041,0000001010100001000000000000000001100000000000000000000000000000000000000000000
BGC0000042,0000001010101001000000010000000001110000000000000000000000000000000000000000000
BGC0000043,0000001110101001000000000001000000010000000000000100000000000000000000000000000
BGC0000044,0000001000101001000000000000000001110000000000000000000000000000000000000000000
BGC0000045,0000001010111001100000000000000001110000000000000000000000000000000000000000000
BGC0000046,0000001100101000000000000000000001010000000000000000000000000000000000000000000
BGC0000048,0000000010010001101000000000000001110000000000000000000000000000000000000000000
BGC0000049,0000001010101001001000000000000001110000000000000000000000000000000000000000000
BGC0000050,0000001010101001001000000000000001110000000000000000000000000000000000000000000
BGC0000051,0000001010101001000000000000000001110000000000000000000000000000000000000000000
BGC0000052,0000001010101001000010010000000001110000000000000000000000000000000000000000000
BGC0000053,0000001010101001001000000000000001110000000000000000000000000000000000000000000
BGC0000054,0000001010001001001000000000010001110000000000000000000000000000000000000000000
BGC0000055,0000001010001001001000000000010001110000000000000000000000000000000000000000000
BGC0000056,0000001110111011101000010000000001110000000000000100000000000000000000000000000
BGC0000057,0000001000111001101000000000000001110000000000000000000000000000000000000000000
BGC0000059,0000001010101001000000000000000001110000000000000000000000000000000000000000000
BGC0000062,0000001010001001000010000000000001110000000000000000000000000000000000000000000
BGC0000063,0000001010001001000010000000000001110000000000000000000000000000000000000000000
BGC0000065,0000001110101001001000000000000001110000000000000000000000000000000000000000000
BGC0000069,0000001010101001001000000000000001110000000000000000000000000000000000000000000
BGC0000070,0000001010111001101000000000000001110000000000000000010000000000000000000000000
BGC0000072,0000001010101001000000000000000001110000000000000000000000000000000000000000000
BGC0000074,0000001010101001000010010000000000110000000000000000000000000000000000000000000
BGC0000079,0000001010111001100000001000000001110000000000000000000000000000000000000000000
BGC0000080,0000001010101001000000000000000001110000000000000000000000000000000000000000000
BGC0000081,0000001010111011111000010000110001110000000000000000010000000000000000000000000
BGC0000084,0000001010001001001000000000000001110000000000000000000000000000000000000000000
BGC0000085,0000001010001001001000000000000001110000000000000000000000000000000000000000000
BGC0000086,0000001010011001101000000000000001110000000000000000000000000000000000000000000
BGC0000087,0000001010011001101000000000000001110000000000000000000000000000000000000000000
BGC0000088,0000001010101001000000000000000001110000000000000000000000000000000000000000000
BGC0000089,0000001010101001000000000000000001110000000000000000000000000000000000000000000
BGC0000090,0000001010111001100010010000000001110000000000000000000000000000000000000000000
BGC0000091,0000001010111001101000011001000000010000000000000000000000000000000000000000000
BGC0000092,0000001010000001001000000000010001110000000000000000000000000000000000000000000
BGC0000094,0000001010101001001000000000010001110000000000000000000000000000000000000000000
BGC0000097,0000001010101001000000010000000001100000000000000000000000000000000000000000000
BGC0000098,0000001010101001000000000000000001110000000000000000000000000000000000000000000
BGC0000099,0000001010100001001000000000000000110000000000000000000000000000000000000000000
BGC0000100,0000001010001001001000000000000001110000000000000000000000000000000000000000000
BGC0000101,0000001000010001100000000000000001100000000000000000000000000000000000000000000
BGC0000102,0000001010101001001000000000010001110000000000000000000000000000000000000000000
BGC0000103,0000001010101001000000000000000001110000000000000000000000000000000000000000000
BGC0000104,0000001010100001100000000000000001110000000000000000000000000000000000000000000
BGC0000105,0000001010101001001000000000000001110000000000000000000000000000000000000000000
BGC0000107,0000000000010000010000000000000000101000000000000000000000000000000000000000000
BGC0000108,0000001010101001001010000000000001110000000000000000000000000000000000000000000
BGC0000110,0000001010111001100000000000001000111000000000000000000000000000000000000000000
BGC0000112,0000001010111011111000010000000001110000000000000000000000000000000000000000000
BGC0000113,0000001010101001001000000000010001110000000000000000000000000000000000000000000
BGC0000114,0000001010000001001000000000000001110000000000000000000000000000000000000000000
BGC0000115,0000001010000001001010000000000001110000000000000000000000000000000000000000000
BGC0000117,0000001010101001001000000000000001110000000000000000000000000000000000000000000
BGC0000118,0000001010011001101010010000010001110000000000000000000000000000000000000000000
BGC0000119,0000001010011001101010010000010001110000000000000000000000000000000000000000000
BGC0000120,0000000010101001000000000000000001110000000000000000000000000000000000000000000
BGC0000121,0000001000010001100000000000000001110000000000000000010000000000000000000000000
BGC0000124,0000001010101001100000001000000001110000000000000000000000000000000000000000000
BGC0000125,0000001010101001001010000000000001110000000000000000000000000000000000000000000
BGC0000126,0000001010101001001000000000000001110000000000000000000000000000000000000000000
BGC0000127,0000000000010001100000001000000001100000000000000000010000000000000000000000000
BGC0000128,0000000000010001100000001000000001100000000000000000010000000000000000000000000
BGC0000129,0000001010111001101000000000100001110000000000000000000000000000000000000000000
BGC0000130,0000000000010000100000001000001000100000000000000000010000000000000000000000000
BGC0000131,0000000000010000100000001000001000100000000000000000010000000000000000000000000
BGC0000132,0000000000010000100000001000001000100000000000000000010000000000000000000000000
BGC0000134,0000001010111001100000000000000001110000000000000000010000000000000000000000000
BGC0000135,0000001010101001001000000000000001110000000000000000000000000000000000000000000
BGC0000136,0000001000111001111000010000000001110000000000000000000000000000000000000000000
BGC0000137,0000001000111001111000010000000001110000000000000000000000000000000000000000000
BGC0000138,0000001010101001001010000000000001110000000000000000000000000000000000000000000
BGC0000140,0000001010001001000000000000000001110000000000000000000000000000000000000000000
BGC0000143,0000001010101001001000000000000001110000000000000000000000000000000000000000000
BGC0000144,0000001010101001001000000000000001110000000000000000000000000000000000000000000
BGC0000145,0000001010101001001000010000000001110000000000000000010000000000000000000000000
BGC0000146,0000001010110000100000000000000000111000000000000000000000000000000000000000000
BGC0000148,0000001010001001000000000000010000110000000000000000000000000000000000000000000
BGC0000150,0000001010011001101000000000000001110000000000000000010000000000000000000000000
BGC0000151,0000001010101001001000000000010001110000000000000000000000000000000000000000000
BGC0000152,0000001000111000110000000000000001111000000000000000000000000000000000000000000
BGC0000153,0000001010111001110000000000000001111000000000000000000000000000000000000000000
BGC0000154,0000000000010001100000000000000001100000000000000000000000000000000000000000000
BGC0000155,0000001010001001000000000000000001100000000000000000000000000000000000000000000
BGC0000156,0000001010010001111000000000000001110000000000000000000000000000000000000000000
BGC0000157,0000001110101001000000000000000001110000000000000000000000000000000000000000000
BGC0000158,0000001110101001000000000000000001110000000000000000000000000000000000000000000
BGC0000159,0000001010001001001000000000000001110000000000000000000000000000000000000000000
BGC0000160,0000001000001001000000000000000001110000000000000000000000000000000000000000000
BGC0000161,0000001000101001000000000000000001100000000000000000000000000000000000000000000
BGC0000163,0000001010101001000000000000000001110000000000000000000000000000000000000000000
BGC0000164,0000001110101001000000000000000001110000000000000000000000000000000000000000000
BGC0000165,0000001010101001101000000000000001110000000000000000010000000000000000000000000
BGC0000166,0000001010101001000000000000000001110000000000000000000000000000000000000000000
BGC0000167,0000001010101001000000010000000001110000000000000000000000000000000000000000000
BGC0000168,0000001010011001111000100000000001110000000000000000000000000000000000000000000
BGC0000170,0000001010101001001000000000000001110000000000000000000000000000000000000000000
BGC0000171,0000001010101001000000010000000001100000000000000000000000000000000000000000000
BGC0000173,0000001010101001000000000000000001110000000000000000000000000000000000000000000
BGC0000174,0000001010101001001000000000000001110000000000000000000000000000000000000000000
BGC0000175,0000001010001001000000000001000001100000000000000000000000000000000000000000000
BGC0000177,0000001010101001000000010000000001110000000000000000000000000000000000000000000
BGC0000180,0000000000110000110000000000000001101000000000000000000000000000000000000000000
BGC0000182,0000001010101001000000000000000001110000000000000000000000000000000000000000000
BGC0000186,0000001010111001100000010000000001110000000000000000000000000000000000000000000
BGC0000187,0000000010101001001000010000000001110000000000000000000000000000000000000000000
BGC0000188,0000000010001001001010110001010001110000000000000000000000000000000000000000000
BGC0000189,0000001010011001110000001000000001100000000000000000000000000000000000000000000
BGC0000191,0000001010011001101000000000010001110000000000000000000000000000000000000000000
BGC0000192,0000001010011001101000000000010001110000000000000000000000000000000000000000000
BGC0000193,0000001010011001101000000000010001110000000000000000000000000000000000000000000
BGC0000194,0000001010101001100000000000000001110000000000000000000000000000000000000000000
BGC0000195,0000001010010001100000000000000001100000000000000000000000000000000000000000000
BGC0000196,0000000000010001100000000000000001100000000000000000000000000000000000000000000
BGC0000197,0000001000011001101000000000000001110000000000000000000000000000000000000000000
BGC0000198,0000001010111001101000010000000001110000000000000000000000000000000000000000000
BGC0000199,0000001010011001101000000000010001110000000000000000000000000000000000000000000
BGC0000200,0000001010011001111000000000010001111000000000000000000000000000000000000000000
BGC0000202,0000001010011001111000010000000001110000000000000000000000000000000000000000000
BGC0000204,0000001010010001111000000000000001100000000000000000000000000000000000000000000
BGC0000206,0000001000011000110000000000000001111000000000000000000000000000000000000000000
BGC0000207,0000001000011000110000000000000001111000000000000000000000000000000000000000000
BGC0000208,0000001010011001111010000000000001100000000000000000000000000000000000000000000
BGC0000209,0000001010010001101000100000010001100000000000000000010000000000000000000000000
BGC0000210,0000001010011001111000000000000001110000000000000000000000000000000000000000000
BGC0000211,0000001000011000111000000000000001111000000000000000000000000000000000000000000
BGC0000212,0000001010011001101000000000010001110000000000000000000000000000000000000000000
BGC0000213,0000001010101001001000010000000001110000000000000000000000000000000000000000000
BGC0000214,0000001010011001101000000000010001110000000000000000000000000000000000000000000
BGC0000215,0000001010001001101000000000000001110000000000000000010000000000000000000000000
BGC0000216,0000001010010001101000110000010001110000000000000000010000000000000000000000000
BGC0000217,0000001010011001101010000000000001110000000000000000000000000000000000000000000
BGC0000218,0000001010010001101010000000000001110000000000000000000000000000000000000000000
BGC0000219,0000001000111001111000000000000001110000000000000000000000000000000000000000000
BGC0000221,0000001000111001101000000000000001100000000000000000000000000000000000000000000
BGC0000222,0000001010011001110000000000000001111000000000000000000000000000000000000000000
BGC0000223,0000001000010001110000000000000001100000000000000000000000000000000000000000000
BGC0000224,0000001010110001111000001000000001110000000000000000000000000000000000000000000
BGC0000225,0000001010011001100000000000000001110000000000000000000000000000000000000000000
BGC0000226,0000001100111000110000000000000001111000000000000000000000000000000000000000000
BGC0000227,0000001010001001101000000000000001110000000000000000000000000000000000000000000
BGC0000228,0000001010001001101000000000000001110000000000000000000000000000000000000000000
BGC0000229,0000001010111001101000000000000001110000000000000000000000000000000000000000000
BGC0000230,0000001000111001111000000000000001111000000000000000000000000000000000000000000
BGC0000231,0000001010011001101000000000000001110000000000000000000000000000000000000000000
BGC0000232,0000001010011001100000000000000001110000000000000000000000000000000000000000000
BGC0000233,0000001010011001111000000000010001111000000000000000000000000000000000000000000
BGC0000234,0000001010011001101000000000010001110000000000000000000000000000000000000000000
BGC0000235,0000001000111000101000000000000001010000000000000000000000000000000000000000000
BGC0000236,0000001000101001101000000100000001110000000000000000000000000000000000000000000
BGC0000237,0000001010011001111000000000010001110000000000000000000000000000000000000000000
BGC0000238,0000001010011001111000000000010001110000000000000000000000000000000000000000000
BGC0000239,0000001010011001100000000000000001110000000000000000000000000000000000000000000
BGC0000240,0000001010101001101000000100010001110000000000000000000000000000000000000000000
BGC0000241,0000001010101001101000000100010001110000000000000000000000000000000000000000000
BGC0000242,0000001010011001110000000000010001111000000000000000010000000000000000000000000
BGC0000245,0000001010011001100000000000010001110000000000000000000000000000000000000000000
BGC0000246,0000001010011001111000000000000001110000000000000000000000000000000000000000000
BGC0000247,0000001010011001111000000000000001110000000000000000000000000000000000000000000
BGC0000249,0000001010011001101000000000010001110000000000000000000000000000000000000000000
BGC0000250,0000001010011001101000000000000001110000000000000000000000000000000000000000000
BGC0000251,0000001010011001101000000000010001110000000000000000000000000000000000000000000
BGC0000252,0000001010000001000000000000000000110000000000000000000000000000000000000000000
BGC0000253,0000001000010000110000000000000001100000000000000000000000000000000000000000000
BGC0000254,0000001000010001101010000000010001100000000000000000000000000000000000000000000
BGC0000255,0000001110001001001000010000000001110000000000000000000000000000000000000000000
BGC0000256,0000001010011001100000010000000001110000000000000000000000000000000000000000000
BGC0000257,0000001010110001100000001001000000010000000000000000000000000000000000000000000
BGC0000258,0000001010110001100000001001000000010000000000000000000000000000000000000000000
BGC0000259,0000001010110001100000001001000000010000000000000000000000000000000000000000000
BGC0000260,0000001010110001100000001001000000010000000000000000000000000000000000000000000
BGC0000261,0000000000010000110000101000000000001000000000000000010000000000000000000000000
BGC0000262,0000001010011001111000000000000001100000000000000000000000000000000000000000000
BGC0000263,0000001100110001110000000000010001111000000000000000000000000000000000000000000
BGC0000264,0000001000110001101000000000000001100000000000000000000000000000000000000000000
BGC0000265,0000001010011001101000000000010001110000000000000000000000000000000000000000000
BGC0000266,0000001010010001110000000000000001111000000000000000000000000000000000000000000
BGC0000268,0000001010111001101000000000000001110000000000000000000000000000000000000000000
BGC0000269,0000001010111001101010000000000001110000000000000000000000000000000000000000000
BGC0000270,0000001010111001111000010000000001111000000000000000010000000000000000000000000
BGC0000273,0000001000011001101000000000000001110000000000000000000000000000000000000000000
BGC0000274,0000001000010001101000000000000001100000000000000000000000000000000000000000000
BGC0000275,0000001000110001111000000000000001110000000000000000000000000000000000000000000
BGC0000276,0000001010111001101000000000000001110000000000000000000000000000000000000000000
BGC0000277,0000001010111001101000000000000001110000000000000100000000000000000000000000000
BGC0000278,0000001010111001101000000000000001110000000000000100000000000000000000000000000
BGC0000279,0000001010011001111000001000000001111000000000000000010000000000000000000000000
BGC0000283,0000001010101001001000010000000001110000000000000000000000000000000000000000000
BGC0000285,0000001000111001100000000000000001110000000000000000000000000000000000000000000
BGC0000286,0000001110101001001000000000000001000000000000000000000000000000000000000000000
BGC0000287,0000001000101001000010000000000001110000000000000000000000000000000000000000000
BGC0000288,0000001010111001000010011000000101110000000000000000000000000000000000000000000
BGC0000290,0000000010011001100010010000000001110000000000000000110000000000000000000000000
BGC0000292,0000001010101001001000000000010000110000000000000100000000000000000000000000000
BGC0000293,0000001110111001101000010000010000100000000000000000000000000000000000000000000
BGC0000294,0000001010111001100000011000110001110000000000000000000000000000000000000000000
BGC0000295,0000001010100001001000010000010001100000000000000000000000000000000000000000000
BGC0000296,0000001010011001110010000001110001111000000000000000000000000000000000000000000
BGC0000297,0000001010111001100010110000010001110000000000000000000000000000000000000000000
BGC0000298,0000001010011001100010010001010001110000000000000000110000000000000000000000000
BGC0000300,0000001010011001100000010000000011100000000000000000000000000000000000000000000
BGC0000301,0000001010011001100010010001010001100000000000000000000000000000000000000000000
BGC0000302,0000001010011001100010010001010001100000000000000000000000000000000000000000000
BGC0000303,0000001010111001100010010000010001100000000000000000000000000000000000000000000
BGC0000304,0000001010011001110000010000010100110000000000000000000000000000000000000000000
BGC0000305,0000001010001001000000010000000001110000000000000000000000000000000000000000000
BGC0000306,0000001010011001100000010000010001100000000000000000000000000000000000000000000
BGC0000307,0000001010011001101000010000010001110000000000000000000000000000000000000000000
BGC0000308,0000001010011000100000001000100001100000000000000000000000000000000000000000000
BGC0000309,0000001010010001100000000001000001110000000000000000000000000000000000000000000
BGC0000310,0000001010011001100010011001100001100000000000000100000000000000000000000000000
BGC0000311,0000001010011001101010010000000001110000000000000000010000000000000000000000000
BGC0000312,0000001010001001000000000000010000110000000000000000000000000000000000000000000
BGC0000313,0000001010011001100000000000010000110000000000000000000000000000000000000000000
BGC0000314,0000001010111001100010010000000001110000000000000000000000000000000001000000000
BGC0000315,0000001010011001110010011000000001110000000001000000000000000000000000000000000
BGC0000316,0000001010101001000010010001000001100000000000000000000000000000000000000000000
BGC0000317,0000001010000001000010000001010001110000000000000100000000000000000000000000000
BGC0000319,0000001010001001001010010000010001110000000000000100000000000000000000000000000
BGC0000321,0000001010011001101000010000010001100000000000000100000000000000000000000000000
BGC0000322,0000001010011001101010010000000001110000000000000000010000000000000000000000000
BGC0000323,0000001010011001100010011000100001100000000000000000000000000000000000000000000
BGC0000325,0000001010101001000010010000010001100000000000000000000000000000000000000000000
BGC0000326,0000001010011001110000011000010001110000000000000000010000000000000000000000000
BGC0000327,0000001010010001100010110001000100100000000000000000000000000000000000000000000
BGC0000328,0000001010100001001000000001000001100000000000000000000000000000000000000000000
BGC0000330,0000001010001001000010010000010001100000000000000000000000000000000000000000000
BGC0000332,0000001010011001100010010001010001110000000000000000100000000000000000000000000
BGC0000333,0000001110111001111000010000010101110000000000000000000000000000000000000000000
BGC0000334,0000001010101001000000010000010001100000000000000000000000000000000000000000000
BGC0000336,0000001010011001110010011000000001110000000000000000000000000000000000000000000
BGC0000337,0000001110101001000000010000010000110000000000000000000000000000000000000000000
BGC0000338,0000001010011001100010010000010001110000000000000000000000000000000000000000000
BGC0000339,0000001010011001110000010000110000110000000000000100000000000000000000000000000
BGC0000340,0000001000011001110000000000000101110000000000000010000000000000000000000000000
BGC0000342,0000001010001001000000000000010000110000000000000000000000000000000000000000000
BGC0000343,0000000010011001100000010000000001110000000000000000000000000000000000000000000
BGC0000345,0000001110001001001000010000000001110000000000000000000000000000000000000000000
BGC0000346,0000001010001001001000010000010001110000000000000000000000000000000000000000000
BGC0000348,0000001010111001111000011000010001110000000000000000000000000000000000000000000
BGC0000349,0000001010001001000000010000010001100000000000000000000000000000000000000000000
BGC0000350,0000001010010001101000010000010001110000000000000100000000000000000000000000000
BGC0000352,0000001010011001100000010001010001110000000000000000000000000000000000000000000
BGC0000353,0000001110101001001000000000010001110000000000000000000000000000000000000000000
BGC0000355,0000001010011001111000010000110101100000000000000000000000000000000000000000000
BGC0000356,0000000010011001110000011000010000100000000000000000000000000000000000000000000
BGC0000359,0000000010011001100010110000010001110000000000000000000000000000000000000000000
BGC0000361,0000001010101001001000000000010001100000000000000100000000000000000000000000000
BGC0000362,0000001010011001101000010000000001110000000000000000000000000000000000000000000
BGC0000366,0000000010111001100010011000110001110000000000000000000000000000000000000000000
BGC0000367,0000001010111001110000001001000001000000000000000000000000000000000000000000000
BGC0000369,0000001010111001100010010000010001110000000000000000000000000000000000000000000
BGC0000370,0000001010000001000000000001010001110000000000000000000000000000000000000000000
BGC0000371,0000000010011001100010010001010001100000000000000000000000000000000000000000000
BGC0000372,0000001010110001110000001000100100110000000000000000000000000000000000000000000
BGC0000373,0000001000010001100000011000000000100000000000000010000000000000000000000000000
BGC0000374,0000001010111001100000010000011101110000000000000000000000000000000000000000000
BGC0000375,0000000000100001000010010000000000100000000000000000000000000000000000000000000
BGC0000377,0000001010111001100000010001000001100000000000000000000000000000000000000000000
BGC0000378,0000001010011001101000010000010001110000000000000000010000000000000000000000000
BGC0000379,0000001010101001000000010000010001100000000000000000000000000000000000000000000
BGC0000382,0000001010101001000000010000000000110000000000000000000000000000000000000000000
BGC0000384,0000001110111001111000011000010001100000000000000000000000000000000000000000000
BGC0000385,0000001010011001100010010001000001110000000000000000000000000000000000000000000
BGC0000386,0000000010101001000010010000011001100000000000000000000000000000000000000000000
BGC0000388,0000001010011001100010010000000001110000000000000000000000000000000000000000000
BGC0000389,0000001010001001000000010000000001110000000000000000000000000000000000000000000
BGC0000391,0000001110111001111000011000010001100000000000000000000000000000000000000000000
BGC0000392,0000000010111001100010010001010001110000000000000000000000000000000000000000000
BGC0000393,0000001010011001101010010000000001100000000000000000000000000000000000000000000
BGC0000394,0000001010001001000000000000010001110000000000000000000000000000000000000000000
BGC0000395,0000000010011001100010010001010001110000000000000000000000000000000000000000000
BGC0000396,0000001010111001100010010001010001110000000000000000000000000000000000000000000
BGC0000397,0000001010111001100010010001010001100000000000000000000000000000000000000000000
BGC0000398,0000001010001001000000010000000001110000000000000000000000000000000000000000000
BGC0000399,0000001010001001000000010000000001110000000000000000000000000000000000000000000
BGC0000404,0000001010010001101000000001010001100000000000000100000000000000000000000000000
BGC0000405,0000001010010001101000000001010001100000000000000100000000000000000000000000000
BGC0000406,0000001010001001000010000000000001100000000001000000000000000000000000000000000
BGC0000407,0000001010011001100010010000010001110000000000000000000000000000000000000000000
BGC0000408,0000001010011001100010010000000001100000000000000000100000000000000000000000000
BGC0000409,0000001010111001100000010000010001110000000000000000000000000000000000000000000
BGC0000410,0000001010011001100000011000110001110000000000000000000000000000000000000000000
BGC0000412,0000001010101001000000010000010001100000000000000100000000000000000000000000000
BGC0000413,0000001010111001100010010001010001100000000000000000000000000000000000000000000
BGC0000414,0000001010011001100000000000010001110000000000000000000000000000000000000000000
BGC0000415,0000001010011001110000010000110000110000000000000100000000000000000000000000000
BGC0000416,0000001010011001100000010000010000100000000000000000000000000000000000000000000
BGC0000418,0000001010011001100010010000000001110000000000000000000000000000000000000000000
BGC0000419,0000001010011001100010010000000001110000000000000000000000000000000000000000000
BGC0000420,0000001100110001101000011000110001100000000000000000000000000000000000000000000
BGC0000421,0000001010011001100010010000010001110000000000000000000000000000000000000000000
BGC0000422,0000001010001011000010010100010000110000000000000000000000000000000000000000000
BGC0000424,0000001010001001000000010000010001100000000000000000000000000000000000000000000
BGC0000425,0000001010101001001010010000010001100000000000000000000000000000000000000000000
BGC0000426,0000001010011001110010011000000001100000000000000000000000000000000000000000000
BGC0000427,0000001010000001001000000000000001110000000000000000000000000000000000000000000
BGC0000428,0000001010111001101000010000010001110000000000000000000000000000000000000000000
BGC0000430,0000001010111001100010010001010001100000000000000000000000000000000000000000000
BGC0000432,0000000010001001000010010001000001110000000000000000000000000000000000000000000
BGC0000433,0000001010001001000000010000000001110000000000000000000000000000000000000000000
BGC0000437,0000001010010001100010110001000001110000000000000000010000000000000000000000000
BGC0000439,0000001010111001110010101001000001110000000000000000010000000000000000000000000
BGC0000440,0000000010011001100010010000000001110000000000000000010000000000000000000000000
BGC0000441,0000000010011001100010010000000001110000000000000000010000000000000000000000000
BGC0000444,0000001010011001111000001000011001100000000000000000000000000000000000000000000
BGC0000445,0000001010011001110000010000110001100000000000000100000000000000000000000000000
BGC0000446,0000000010011001110000011000010001100000000000000000000000000000000000000000000
BGC0000447,0000001010101001000010010000010001110000000000000000000000000000000000000000000
BGC0000448,0000001010111001100000010000010001110000000000000000000000000000000000000000000
BGC0000449,0000001010011001110010011000000001100000000000000000000000000000000000000000000
BGC0000450,0000001010011001110000010000110000110000000000000100000000000000000000000000000
BGC0000452,0000001010011001100010100001010001100000000000000000000000000000000000000000000
BGC0000453,0000001000001001000000000001000001110000000000000000000000000000000000000000000
BGC0000454,0000000010011001100010010000000001100000000000000000000000000000000000000000000
BGC0000455,0000001010011001101010110001000001110000000000000000010000000000000000000000000
BGC0000456,0000001010011001100010010000010001110000000000000000000000000000000000000000000
BGC0000457,0000001010001001000000010000010001110000000000000000000000000000000000000000000
BGC0000459,0000001010111001100000010000100001111000000000000100000000000000000000000000000
BGC0000460,0000001010111001100000010000010001110000000000000000000000000000000000000000000
BGC0000461,0000001010011001110010011000010001110000000000000000000000000000000000000000000
BGC0000462,0000001010001001000000010000000001110000000000000000000000000000000000000000000
BGC0000463,0000001010001001000010010000000001110000000000000000000000000000000000000000000
BGC0000464,0000001010001001000000010000010000110000000000000000000000000000000000000000000
BGC0000465,0000001010011001100000010000010000100000000000000000000000000000000000000000000
BGC0000466,0000001010111001111000001000010001110000000000000100000000000000000000000000000
BGC0000467,0000001010101001001000010001000001100000000000000100000000000000000000000000000
BGC0000468,0000001010011001101000010001110000110000000000000010000000000000000000000000000
BGC0000469,0000001010011001101000010001110000110000000000000010000000000000000000000000000
BGC0000470,0000001010011001101000010001110000110000000000000010000000000000000000000000000
BGC0000473,0000001010011001100000010000100100101000000000000010000000000000000000000000000
BGC0000474,0000001010011001100000010000100100101000000000000010000000000000000000000000000
BGC0000475,0000001010011001100000010001100000110000000000000010000000000000000000000000000
BGC0000476,0000001010011001100000010001100000110000000000000010000000000000000000000000000
BGC0000477,0000001110101001001000010001010000110000000000000100000000000000000000000000000
BGC0000479,0000001010111001100010010000010001110000000000000000000000000000000000000000000
BGC0000480,0000001000011001100000010000100000101000000000000010000000000000000000000000000
BGC0000481,0000001010011001100010011001110001100000000000000010000000000000000000000000000
BGC0000482,0000001110111001101000010001010000110000000000000100000000000000000000000000000
BGC0000495,0000001010011001110010011000000001100000000000000000000000000000000000000000000
BGC0000503,0000001010011001100010110000010001100000000000000100000000000000000000000000000
BGC0000514,0000001010111001100010010000010001100000000000000100000000000000000000000000000
BGC0000527,0000001110011001100010010000010001100000000000010000000000000000000000000000000
BGC0000535,0000001110011001100010101001110001100000000000000100000000000000000000000000000
BGC0000544,0000001110111001110010011000110001100000000000000100000000000000000000000000000
BGC0000551,0000001110001001000010110000000001100000000000000100000000000000000000000000000
BGC0000559,0000001110111001110010011000010001100000000000000100000000000000000000000000000
BGC0000575,0000001010011001110010111000110001100000000000000000000000000000000000000000000
BGC0000581,0000001010011001100000011000110001100000000000000000000000000000000000000000000
BGC0000582,0000001010111001100010010000010001100000000000000100000000000000000000000000000
BGC0000583,0000001010111001100010010000010001100000000000000100000000000000000000000000000
BGC0000591,0000001010011001100010010001010001110000000000000100000000000000000000000000000
BGC0000592,0000001010011001110000011000010001110000000000000000000000000000000000000000000
BGC0000598,0000001010001001001010010000000001100000000000000001000000000000000000000000000
BGC0000602,0000001010011001110010011000010001100000000000010000000000000000000000000000000
BGC0000604,0000001010011001100000100001110001110000000000000010000000000000000000000000000
BGC0000605,0000001110011001100010010001110001101000000000000110000000000000000000000000000
BGC0000607,0000001010111001100000010000100001100000000000000010000000000000000000000000000
BGC0000608,0000001110111001111010010001110101110100000000000110000000000000000000000000000
BGC0000609,0000001110111001111010010001110101110100000000000110000000000000000000000000000
BGC0000610,0000001110111001110010011001100001110000000000000110000000000000000000000000000
BGC0000611,0000001110111001101010010001100001110000000000000110000000000000000000000000000
BGC0000612,0000001010111001101000010000100001100000000000000010000000000000000000000000000
BGC0000613,0000001110011001100010010000100001110000000000000010000000000000000000000000000
BGC0000614,0000001110111001101000110001100001110000000000000110000000000000000000000000000
BGC0000621,0000001010011001100010010000010001100000000000000100000000000000000000000000000
BGC0000627,0000001010011001101010010000000001110000000000000001000000000000000000000000000
BGC0000629,0000001110111001111000001000000001110000000000000000000000000000000000000000000
BGC0000630,0000001010101001001000000000000001100000000000000000000000000000000000000000000
BGC0000631,0000001010101001001000000000000001110000000000000000000000000000000000000000000
BGC0000633,0000001010101001001000000000000001010000000000000000000000000000000000000000000
BGC0000634,0000001010101001001000000000000001010000000000000000000000000000000000000000000
BGC0000635,0000001010101001001000000000000001010000000000000000000000000000000000000000000
BGC0000636,0000001010101001001000000000000001010000000000000000000000000000000000000000000
BGC0000637,0000001010101001001000000000000001010000000000000000000000000000000000000000000
BGC0000638,0000001010101001001000000000000001010000000000000000000000000000000000000000000
BGC0000639,0000001010101001001000000000000001010000000000000000000000000000000000000000000
BGC0000640,0000001010101001001000000000000001010000000000000000000000000000000000000000000
BGC0000641,0000001010101001001000000000000001010000000000000000000000000000000000000000000
BGC0000642,0000001010101001001000000000000001010000000000000000000000000000000000000000000
BGC0000643,0000001010101001001000000000000001010000000000000000000000000000000000000000000
BGC0000644,0000001010101001001000000000000001010000000000000000000000000000000000000000000
BGC0000645,0000001010101001001000000000000001010000000000000000000000000000000000000000000
BGC0000646,0000001010100001001000000000000000000000000000000000000000000000000000000000000
BGC0000647,0000001010101001001000000000000001010000000000000000000000000000000000000000000
BGC0000648,0000001010101001001000000000000001010000000000000000000000000000000000000000000
BGC0000649,0000001010101001001000000000000001010000000000000000000000000000000000000000000
BGC0000650,0000001010011001101000000000010001110000000000000000000000000000000000000000000
BGC0000651,0000001010011001101000000000000001110000000000000000000000000000000000000000000
BGC0000652,0000001010111001101000000000000001110000000000000000010000000000000000000000000
BGC0000653,0000001010101001001000000000000001110000000000000000000000000000000000000000000
BGC0000655,0000001110111001101010010001100001110000000000000110000000000000000000000000000
BGC0000656,0000001010101001001000000000000001000000000000000000000000000000000000000000000
BGC0000657,0000001010011001100000000000110101111000000000001000000000000000000001000000000
BGC0000658,0000001010001000001000000000000001000000000000000000000000000000000000000000000
BGC0000659,0000001010001000001000000000000001000000000000000000000000000000000000000000000
BGC0000660,0000001010001001001000000000000000100000000000000000000000000000000000000000000
BGC0000661,0000001010001000001000000000000001000000000000000000000000000000000000000000000
BGC0000663,0000001110001001001000000000000000000000000000000000000000000000000000000000000
BGC0000664,0000001000110001100000000000000000000000000000000000000000000000000000000000000
BGC0000665,0000001010011001111000001000000001100000000000000000000000000000000000000000000
BGC0000666,0000001010011001111000001000000001100000000000000000000000000000000000000000000
BGC0000667,0000001010101001001000000000000000110000000000000000000000000000000000000000000
BGC0000668,0000001110111101101000000001010000100000000000001000010000000000000000000000000
BGC0000669,0000001010101001001000000000000000100000000000000000000000000000000000000000000
BGC0000670,0000001010101001001000000000000001100000000000000000000000000000000000000000000
BGC0000671,0000001110101001001000000000000000110000000000000000000000000000000000000000000
BGC0000672,0000001010001001001000000000000001110000000000000000000000000000000000000000000
BGC0000674,0000001010101001000000000000000000000000000000000000000000000000000000000000000
BGC0000675,0000001010101001001000000000000001000000000000000000000000000000000000000000000
BGC0000676,0000001010001000001000000000000001000000000000000000000000000000000000000000000
BGC0000677,0000001010101001001000000000000001000000000000000000000000000000000000000000000
BGC0000678,0000001010101001001000000000000001110000000000000000000000000000000000000000000
BGC0000679,0000001010110001100000010000010001100000000000000000000000000000000000000000000
BGC0000680,0000001110101001001000000000000001110000000000000000000000000000000000000000000
BGC0000682,0000001110001001001000000000000001110000000000000000000000000000000000000000000
BGC0000686,0000001010101001001000000000000001110000000000000000000000000000000000000000000
BGC0000687,0000001010001000001000000000000001000000000000000000000000000000000000000000000
BGC0000688,0000001110101001001000000000000001110000000001000000000000000000000000000000000
BGC0000689,0000000010001000000010000000000001000000000000000000000000000000000000000000000
BGC0000690,0000001010101001001010010001000001110000000000000000000000000000000000000000000
BGC0000691,0000001010100001000000010000000001010000000000000000000000000000000000000000000
BGC0000692,0000001010000000000010010000000001010000000000000000000000000000000000000000000
BGC0000693,0000000010001001000010010000000001110000000000000000100000000000000000000000000
BGC0000694,0000000010001001000010010000000001110000000000000000100000000000000000000000000
BGC0000695,0000001010001001000010000000010001110000000000000000100000000000000000000000000
BGC0000696,0000001010000000001010010000000001010000000000000000000000000000000000000000000
BGC0000697,0000001010000000001010010000000001010000000000000000000000000000000000000000000
BGC0000698,0000001010111001100000010000000001110000000000000000000000000000000000000000000
BGC0000699,0000001010111001100000010000000001110000000000000000000000000000000000000000000
BGC0000700,0000001010001000000010010000000001010000000000000000000000000000000000000000000
BGC0000702,0000000010000000000010000000000001010000000000000000000000000000000000000000000
BGC0000703,0000000010000000000010000000000001010000000000000000000000000000000000000000000
BGC0000704,0000000010000000000010000000000001010000000000000000000000000000000000000000000
BGC0000705,0000000010000000000010000000000001010000000000000000000000000000000000000000000
BGC0000706,0000000010000000000010000000000001010000000000000000000000000000000000000000000
BGC0000707,0000001010001001000010000001000001110000000000000000000000000000000000000000000
BGC0000708,0000000010000000000010000000000001010000000000000000000000000000000000000000000
BGC0000709,0000000010000000000010000000000001010000000000000000000000000000000000000000000
BGC0000710,0000000010000000000010000000000001010000000000000000000000000000000000000000000
BGC0000711,0000000010000000000010000000000001010000000000000000000000000000000000000000000
BGC0000712,0000000010001000000010000000000001010000000000000000000000000000000000000000000
BGC0000713,0000000010000000000010000000000001010000000000000000000000000000000000000000000
BGC0000714,0000001010101001001010010000000001010000000000000000000000000000000000000000000
BGC0000715,0000001010001001001000010000000001110000000000000000000000000000000000000000000
BGC0000716,0000001010001001001000010000000001110000000000000000000000000000000000000000000
BGC0000717,0000001010101001001010010001000001110000000000000000000000000000000000000000000
BGC0000718,0000001010101001001010010001000001110000000000000000000000000000000000000000000
BGC0000719,0000000010001000000010000000000001010000000000000000000000000000000000000000000
BGC0000720,0000000010001000000010000000000001010000000000000000000000000000000000000000000
BGC0000721,0000000010001000000010000000000001010000000000000000000000000000000000000000000
BGC0000723,0000000010101001000001000000000001010000000000000000000000000000000000000000000
BGC0000724,0000001010101001001010010001000001110000000000000000000000000000000000000000000
BGC0000725,0000001000001001000000000000000001110000000000000000000000000000000000000000000
BGC0000726,0000001000001001000000000000000001110000000000000000000000000000000000000000000
BGC0000728,0000000010001001000000000000000001110000000000000000000000000000000000000000000
BGC0000729,0000000010001001000000000000000001110000000000000000000000000000000000000000000
BGC0000730,0000000010001001000000000000000001110000000000000000000000000000000000000000000
BGC0000731,0000000010001001000000000000000001110000000000000000000000000000000000000000000
BGC0000733,0000000010001001000000000000000001110000000000000000000000000000000000000000000
BGC0000740,0000001010001001001000010000000001110000000000000000000000000000000000000000000
BGC0000741,0000001010001001001000010000000001110000000000000000000000000000000000000000000
BGC0000742,0000001010001001001000010000000001110000000000000000000000000000000000000000000
BGC0000743,0000001010001001001000010000000001110000000000000000000000000000000000000000000
BGC0000744,0000001010001001001000010000000001110000000000000000000000000000000000000000000
BGC0000745,0000001010001001001000010000000001110000000000000000000000000000000000000000000
BGC0000746,0000001010001001001000010000000001110000000000000000000000000000000000000000000
BGC0000747,0000001010001001001000010000000001110000000000000000000000000000000000000000000
BGC0000748,0000001010001001001000010000000001110000000000000000000000000000000000000000000
BGC0000750,0000001010001000001000000000000001110000000001000000000000000000000000000000000
BGC0000751,0000001010001000001000000000000001110000000001000000000000000000000000000000000
BGC0000752,0000001010001000001000000000000001110000000001000000000000000000000000000000000
BGC0000753,0000001010001000001000000000000001110000000001000000000000000000000000000000000
BGC0000772,0000001010001001001010010000000001110000000001000000000000000000000000000000000
BGC0000773,0000001010001001001010010000000001110000000001000000000000000000000000000000000
BGC0000775,0000001010001001001010010000000001110000000001000000000000000000000000000000000
BGC0000776,0000001010001001001010010000000001110000000001000000000000000000000000000000000
BGC0000777,0000001010001001001010010000000001110000000001000000000000000000000000000000000
BGC0000798,0000000010011010100000000100000001010000000000000000000000000000000000000000000
BGC0000800,0000001010101001000000000000000001110000000001000000000000000000000000000000000
BGC0000805,0000001110101001001010010000000001110000000001000000000000000000000000000000000
BGC0000809,0000001010011001110000011000010101110000000000000000010000000000000000000000000
BGC0000810,0000001000011001100000000000010001110000000000000000000000000000000000000000000
BGC0000811,0000001110111001111000001000010000110000000000000000000000000000000000000000000
BGC0000812,0000001010111001101010001000000000100000000000000000000000000000000000000000000
BGC0000813,0000001010011001111000010000000101110000000000000000000000000000000000000000000
BGC0000814,0000001010011001111000010000000101110000000000000000000000000000000000000000000
BGC0000816,0000001010011001111000011000010000100000000000000000010000000000000000000000000
BGC0000817,0000001000010001110000001000010000100000000000000000000000000000000000000000000
BGC0000818,0000001010111001101000010000010001110000000000000000000000000000000000000000000
BGC0000819,0000001010111001101000010000010001110000000000000000000000000000000000000000000
BGC0000820,0000001010010001101000010000010000110000000000000000000000000000000000000000000
BGC0000821,0000001010011001110000011000000101110000000000000000010000000000000000000000000
BGC0000822,0000001010011001110000011000000101110000000000000000010000000000000000000000000
BGC0000823,0000001010011001110000011000000101110000000000000000010000000000000000000000000
BGC0000825,0000001010011001111000010000000100110000000000000000000000000000000000000000000
BGC0000826,0000001010011001111000010000000100110000000000000000000000000000000000000000000
BGC0000827,0000001010011001111000010000000100110000000000000000000000000000000000000000000
BGC0000828,0000000000110001110000011000000001100000000000000000000000000000000000000000000
BGC0000830,0000000000110001110000011000000001100000000000000000000000000000000000000000000
BGC0000831,0000000000110001110000011000000001100000000000000000000000000000000000000000000
BGC0000832,0000001010111001111000011000000001111000000000000000010000000000000000000000000
BGC0000833,0000001000011001111000011000000001111000000000000000000000000000000000000000000
BGC0000834,0000001010111001111010010000000001111000000000000000000000000000000000000000000
BGC0000835,0000001010111001111000010000000001111000000000000000010000000000000000000000000
BGC0000836,0000001000110001100000000000000001110000000000000000000000000000000000000000000
BGC0000837,0000001000110001100000000000000001110000000000000000000000000000000000000000000
BGC0000838,0000001010110001100000000000000001110000000000000000000000000000000000000000000
BGC0000839,0000001010110001100000000000000001110000000000000000000000000000000000000000000
BGC0000840,0000001010111001100000000000000000110000000000000000000000000000000001000000000
BGC0000841,0000000010101001000000000000010000110000000000000000000000000000000000000000000
BGC0000843,0000000010101001000000000000010000110000000000000000000000000000000000000000000
BGC0000844,0000000010101001000000000000010001110000000000000000000000000000000000000000000
BGC0000845,0000000010101001000000000000010001110000000000000000000000000000000000000000000
BGC0000846,0000001010001001001010010000000001100000000000000000000000000000000000000000000
BGC0000847,0000001010001001000010000000010001100000000000000100000000000000000000000000000
BGC0000848,0000001010001001000000000000000001110000000000000000000000000000000000000000000
BGC0000849,0000001010001001000000000000000001110000000000000000000000000000000000000000000
BGC0000851,0000001000111000100000001000000000100000000000000000000000000000000000000000000
BGC0000852,0000001010000001000000010001000001100000000000000000000000000000000000000000000
BGC0000853,0000001010000001000000010001000001100000000000000000000000000000000000000000000
BGC0000854,0000001010000001000000010001000001100000000000000000000000000000000000000000000
BGC0000855,0000001010000001000000010001000001100000000000000000000000000000000000000000000
BGC0000856,0000001010000001000000010001000001100000000000000000000000000000000000000000000
BGC0000857,0000001010000001000000010001000001100000000000000000000000000000000000000000000
BGC0000858,0000001010000001000000010001000001100000000000000000000000000000000000000000000
BGC0000859,0000001010000001000000010001000001100000000000000000000000000000000000000000000
BGC0000860,0000001010000001000000010001000001100000000000000000000000000000000000000000000
BGC0000861,0000001010100001000000000000000001100000000000000000000000000000000000000000000
BGC0000862,0000001010100001000000000000000001100000000000000000000000000000000000000000000
BGC0000863,0000001010100001000000000000000001100000000000000000000000000000000000000000000
BGC0000865,0000001010100001000000000000000001100000000000000000000000000000000000000000000
BGC0000871,0000001010001001000010000000000000110000000001000000000000000000000000000000000
BGC0000873,0000001010111001110000010000110101110000000000000000000000000000000000000000000
BGC0000874,0000001010111001100010110000110101110000000000000000000000000000000000000000000
BGC0000875,0000001010011001000010001000010101110000000000000000000000000000000000000000000
BGC0000876,0000001000011001100010011000100101110000000000000000000000000000000000000000000
BGC0000877,0000000000111001100010001000000101110000000000000000000000000000000000000000000
BGC0000878,0000001010011001110010010000110101110000000000000000000000000000000000000000000
BGC0000879,0000000010011001110010000000100101110000000000000000000000000000000000000000000
BGC0000880,0000001010111001000000011000000101110000000000000000000000000000000000000000000
BGC0000881,0000000010011010110010000100100101010000000000000000000000000000000000000000000
BGC0000882,0000000010111001101010010001100101110000000000000000000000000000000000000000000
BGC0000883,0000001010111001100010110000110101110000000000000000000000000000000000000000000
BGC0000884,0000001010001001000110000000000000100000000000000000000000000000000000000000000
BGC0000885,0000000000010001100010000001000001100000000000000000000000000000000000000000000
BGC0000887,0000000010000001001000110000010001010000000000000000000000000000000000000000000
BGC0000888,0000001010001001000010000000000000110000000000000000000000000000000000000000000
BGC0000890,0000000000010000100000001000000001000000000000000000000000000000000001000000000
BGC0000891,0000000000010000100000001000000001000000000000000000000000000000000001000000000
BGC0000892,0000000011101011000000000000000001100000000000000000000000000000000000000000000
BGC0000893,0000000010011001100000000001001001100000000000000000010000000000000000000000000
BGC0000894,0000001000101001000000000000000001110000000000000000000000000000000000000000000
BGC0000895,0000000010000001000010110000000001100000000000000000000000000000000000000000000
BGC0000896,0000000010000001000010000001000001010000000000000000000000000000000000000000000
BGC0000898,0000001010001000000000000000010001010000000000000000000000000000000000000000000
BGC0000899,0000001010001000000000000000010001010000000000000000000000000000000000000000000
BGC0000900,0000001010001001000000010000010000100000000000000000000000000000000000000000000
BGC0000901,0000001010001001000000010000010000100000000000000000000000000000000000000000000
BGC0000902,0000000000110001100000000000000001100000000000000000000000000000000000000000000
BGC0000904,0000001010000001000000000000010001100000000001000000000000000000000000000000000
BGC0000905,0000001010110001111000000001100000100000000000000000000000000000000000000000000
BGC0000906,0000001010110001111000000001100000100000000000000000000000000000000000000000000
BGC0000907,0000001010001001000000010000010001110000000000000100000000000000000000000000000
BGC0000908,0000001000010000110000001000000000100000000000000000000000000000000000000000000
BGC0000909,0000001000010000110000001000000000100000000000000000000000000000000000000000000
BGC0000910,0000001000010000110000001000000000100000000000000000000000000000000000000000000
BGC0000911,0000001000010000110000001000000000100000000000000000000000000000000000000000000
BGC0000912,0000001000010000110000001000000000100000000000000000000000000000000000000000000
BGC0000913,0000001010110001100000000000000000100000000000000000000000000000000000000000000
BGC0000914,0000001100001001001000000000000001110000000000000000000000000000000000000000000
BGC0000915,0000001010000001001010110000010001110000000000000000000000000000000000000000000
BGC0000916,0000000010001001100010011000100000110000000001000100000000000000000000000000000
BGC0000917,0000000010001001100010011000100000110000000001000100000000000000000000000000000
BGC0000919,0000001010001001000010010001000001100000000001000000100000000000000000000000000
BGC0000921,0000001010111001100010000000010001110000000000000000000000000000000000000000000
BGC0000924,0000000000010000100000001000001000100000000000000000010000000000000000000000000
BGC0000926,0000000010101001000010010001000001100000000001000000000000000000000000000000000
BGC0000927,0000001010011000110000001000110101100000000000000000000000000000000000000000000
BGC0000929,0000001000010000100000000000100100100000000000000000000000000000000000000000000
BGC0000930,0000001010101001001000000000000001110000000000000000000000000000000000000000000
BGC0000931,0000001010101001001000000000000001110000000000000000000000000000000000000000000
BGC0000934,0000001010110001110000000000100001100000000000000000000000000000000000000000000
BGC0000935,0000001000011001110000010000110001110000000000000000000000000000000000000000000
BGC0000936,0000001000010000110000000000100100100000000000000000000000000000000000000000000
BGC0000938,0000001000001000000000000000000000110000000001000000000000000000000000000000000
BGC0000939,0000001010000001001000000001010001100000000000000000000000000000000000000000000
BGC0000940,0000001010000001000010000001010001100000000000000000000000000000000000000000000
BGC0000941,0000001010000001000010000001010001100000000000000000000000000000000000000000000
BGC0000942,0000000010010001101000010000000001100000000000000000000000000000000000000000000
BGC0000944,0000000010001001001000010000000001100000000000000000000000000000000000000000000
BGC0000945,0000001010111001100000010000010001110000000000000000000000000000000000000000000
BGC0000946,0000001010001001001000010000010001100000000000000000000000000000000000000000000
BGC0000947,0000001010001001001000010000010001100000000000000000000000000000000000000000000
BGC0000948,0000001010001001000000010000000001110000000000000000000000000000000000000000000
BGC0000949,0000001010111001000010011000000101110000000000000000000000000000000000000000000
BGC0000950,0000001010111001100010011000010101110000000000000100000000000000000000000000000
BGC0000951,0000001010111001110010011000010101110000000000000000000000000000000000000000000
BGC0000952,0000001010111001100000010000110001111000000000000000000000000000000000000000000
BGC0000953,0000001010011001101010010000110101110000000000000000000000000000000000000000000
BGC0000956,0000001010111001100000010000000000100000000000000000000000000000000000000000000
BGC0000958,0000001010111001100000000001000001110000000000000000000000000000000000000000000
BGC0000959,0000001010011001100000001000000001100000000000000000000000000000000000000000000
BGC0000960,0000001010111001111000010000010001110000000000000000000000000000000000000000000
BGC0000961,0000001010001001001010010000000001110000000000000000010000000000000000000000000
BGC0000962,0000001010111001101000000000110000110000000000000010010000000000000000000000000
BGC0000963,0000001010011001100010011000100001110000000000000010000000000000000000000000000
BGC0000964,0000001010101001000000010000000001110000000000000100000000000000000000000000000
BGC0000965,0000001110111011101010010000010001110000000000000000010000000000000000000000000
BGC0000966,0000001000110001100000010001100000110000000000000000000000000000000000000000000
BGC0000967,0000001010111001101000010000110001111000000000000000000000000000000000000000000
BGC0000968,0000001010111001111000011000000001110000000000000000000000000000000000000000000
BGC0000969,0000001010111001110000001001010001110000000000000000000000000000000000000000000
BGC0000971,0000001010101001001000010000000001110000000000000000000000000000000000000000000
BGC0000972,0000001010001001000010010000000000100000000000000000000000000000000000000000000
BGC0000973,0000001000110001100000010001100000110000000000000100000000000000000000000000000
BGC0000975,0000001010111001100000010000000000110000000000000000010000000000000000000000000
BGC0000976,0000001110101001000000000001000000010000000000000100000000000000000000000000000
BGC0000977,0000001010011001111000001000010001100000000000000000000000000000000000000000000
BGC0000978,0000001010010001100000010001110001110000000000000000100000000000000000000000000
BGC0000979,0000001010010001100000010001110001110000000000000000100000000000000000000000000
BGC0000980,0000001010010001100000010001110001110000000000000000100000000000000000000000000
BGC0000981,0000001010010001100000010001110001110000000000000000100000000000000000000000000
BGC0000983,0000001010111001101000010000000001110000000000000000000000000000000000000000000
BGC0000984,0000001010101001000010010001010001100000000000000000000000000000000000000000000
BGC0000985,0000001010011001100000010000010001110000000000000000000000000000000000000000000
BGC0000988,0000001010111001101000000000100001110000000000000010000000000000000000000000000
BGC0000989,0000001010111001101000000000100001110000000000000010000000000000000000000000000
BGC0000990,0000001010111001101000000000100001110000000000000010000000000000000000000000000
BGC0000991,0000001010111001101000000000100001110000000000000010000000000000000000000000000
BGC0000992,0000001010101001001000000000010001100000000000000000000000000000000000000000000
BGC0000993,0000001010101001000000010000000000110000000000000100000000000000000000000000000
BGC0000994,0000001010101001001000000000010001110000000000000000000000000000000000000000000
BGC0000997,0000001010101001000000010000000001100000000000000000000000000000000000000000000
BGC0001000,0000001010011001101000000000100001110000000000000010010000000000000000000000000
BGC0001001,0000001011101011000000010000010000110000000000000000010000000000000000000000000
BGC0001006,0000001000110001110010010001100000110000000000000000000000000000000000000000000
BGC0001007,0000001000110001110010010001100000110000000000000000000000000000000000000000000
BGC0001014,0000001010011001101000000001010001100000000000000100000000000000000000000000000
BGC0001015,0000001110111001100010010001010001110000000000000000000000000000000000000000000
BGC0001016,0000001110111001100010010001010001110000000000000000000000000000000000000000000
BGC0001017,0000001110111001100010010001010001110000000000000000000000000000000000000000000
BGC0001019,0000001010111001111000011000010001100000000000000000000000000000000000000000000
BGC0001020,0000001010011001000010011001000101110000000000000000000000000000000000000000000
BGC0001021,0000000010101001000000010000010001110000000000000000000000000000000000000000000
BGC0001023,0000001010101001000010010000010000100000000000000000000000000000000000000000000
BGC0001028,0000001010011001100010010000010001110000000000000000000000000000000000000000000
BGC0001030,0000001010011001100000010000000001110000000000000000010000000000000000000000000
BGC0001034,0000001010000001000000000001000001110000000000000000000000000000000000000000000
BGC0001035,0000001010011001100010010000010001100000000000000000000000000000000000000000000
BGC0001037,0000001010111001101000010000000001110000000000000000000000000000000000000000000
BGC0001038,0000001010111001110000000000000101111000000000000000010000000000000000000000000
BGC0001039,0000001010011001100000010000100001110000000000000000000000000000000000000000000
BGC0001040,0000001010101001001000000000010001110000000000000000000000000000000000000000000
BGC0001041,0000001010101001001000010000000001110000000000000000010000000000000000000000000
BGC0001042,0000001010111001101000010000010001110000000000000000000000000000000000000000000
BGC0001044,0000001010001001001000000000010001110000000000000100000000000000000000000000000
BGC0001045,0000001010101001000000010000000001110000000000000100000000000000000000000000000
BGC0001048,0000001010011001100010011000100001110000000000000010000000000000000000000000000
BGC0001053,0000001010011001100000010000110001110000000000000010000000000000000000000000000
BGC0001054,0000001010011001100010010001000001110000000000000000000000000000000000000000000
BGC0001055,0000001010101001001000010001000001100000000000000100000000000000000000000000000
BGC0001056,0000001010011001100010011000100001100000000000000000000000000000000000000000000
BGC0001057,0000001010111001100000000000000001110000000000000000000000000000000000000000000
BGC0001058,0000001010011001101010111001100001110000000000000110000000000000000000000000000
BGC0001059,0000000010001001000010010000000001100000000000000000000000000000000000000000000
BGC0001060,0000001000111011101000010000000001110000000000000000000000000000000000000000000
BGC0001063,0000001010110001100000001001000000010000000000000000000000000000000000000000000
BGC0001064,0000001010011001100000000000000001110000000000000000000000000000000000000000000
BGC0001065,0000001010101001001000000000000001110000000000000000000000000000000000000000000
BGC0001066,0000001010101001001000000000000001110000000000000000000000000000000000000000000
BGC0001067,0000001110101001001000000000000000000000000000000000000000000000000000000000000
BGC0001068,0000001010111001101000000000100001110000000000000000000000000000000000000000000
BGC0001071,0000001110101001001010010000010001110000000000000000000000000000000000000000000
BGC0001072,0000001010111001111000010000000001111000000000000000010000000000000000000000000
BGC0001074,0000001010011001101000000000010001110000000000000000000000000000000000000000000
BGC0001075,0000001010111001110000000000000101100000000000000000000000000000000000000000000
BGC0001076,0000001010011001000010001000010101110000000000000000100000000000000000000000000
BGC0001078,0000001010111001101000000000000001110000000000000000000000000000000000000000000
BGC0001079,0000001010011001101000000000000001110000000000000000010000000000000000000000000
BGC0001080,0000001010110001110000000000100000100000000000000000000000000000000000000000000
BGC0001081,0000001010111001111000001000000001110000000000000000000000000000000000000000000
BGC0001082,0000001010111001111000001000000001110000000000000000000000000000000000000000000
BGC0001083,0000001010111001101000000000000001100000000000000000000000000000000000000000000
BGC0001084,0000001010111001101000010000010001110000000000000000000000000000000000000000000
BGC0001085,0000001110111001111000011000010001100000000000000000000000000000000000000000000
BGC0001090,0000001010011001100010010000000001100000000000000000000000000000000000000000000
BGC0001091,0000001010101001000000010000000001110000000000000000000000000000000000000000000
BGC0001092,0000001110001001001000010000000001110000000000000000000000000000000000000000000
BGC0001094,0000001010101001000010000000000001110000000000000000010000000000000000000000000
BGC0001095,0000001010101001001000000000000001110000000000000000000000000000000000000000000
BGC0001098,0000001010011001100010010000010001100000000000000000000000000000000000000000000
BGC0001099,0000001110101001000010010000000001110000000000000000000000000000000000000000000
BGC0001100,0000001010101001001000010000000001110000000000000000000000000000000000000000000
BGC0001102,0000001010100001000000000000000001110000000000000000000000000000000000000000000
BGC0001103,0000001010011001100010010000010001100000000000000000000000000000000000000000000
BGC0001104,0000001010101001000000010000000001110000000000000000000000000000000000000000000
BGC0001105,0000001110101001001010010001000001110000000000000000000000000000000000000000000
BGC0001108,0000001110001001001000010000000001110000000000000000000000000000000000000000000
BGC0001109,0000001110001001001000010000000001110000000000000000000000000000000000000000000
BGC0001110,0000001110011001101000010000000001110000000000000000000000000000000000000000000
BGC0001112,0000001010111001101000000000100001111000000000000000000000000000000000000000000
BGC0001115,0000001010111001100000011000000001110000000000000010000000000000000000000000000
BGC0001116,0000001010011001100000010000110001110000000000000000000000000000000000000000000
BGC0001118,0000001000010001100000000000000001100000000000000000000000000000000000000000000
BGC0001121,0000001000010001100000000000000001100000000000000000000000000000000000000000000
BGC0001122,0000001010011000100000001000000001110000000000000000000000000000000000000000000
BGC0001123,0000001000011001101000010000010001110000000000000100010000000000000000000000000
BGC0001125,0000001010101001000010010000010001110000000000000000000000000000000000000000000
BGC0001126,0000001110111000111000001000000001000000000000000000010000000000000000000000000
BGC0001132,0000001010001001000000010000000000100000000000000000000000000000000000000000000
BGC0001133,0000001010001001000000010000000000110000000000000000000000000000000000000000000
BGC0001134,0000001010011000100000000000000001101000000000000000000000000000000000000000000
BGC0001135,0000001010001001000010110000000000100000000000000000000000000000000000000000000
BGC0001136,0000001010111001100000000000000101100000000000000000000000000000000000000000000
BGC0001137,0000001010010001110000011000100000110000000000000000000000000000000000000000000
BGC0001138,0000001010111001110000010000110101110000000000000000000000000000000000000000000
BGC0001140,0000001110111001101000010000000001100000000000000000000000000000000000000000000
BGC0001141,0000001010101001000000000000000001110000000000000000000000000000000000000000000
BGC0001147,0000001010010001100010110001000100100000000000000000000000000000000000000000000
BGC0001150,0000001010001001000000000000010000110000000000000000000000000000000000000000000
BGC0001151,0000000010000001000000000000010001110000000000000000000000000000000000000000000
BGC0001153,0000001010011001100010000001000001000000000000000000000000000000000000000000000
BGC0001154,0000000000010001110000011000000001101000000000000000010000000000000000000000000
BGC0001155,0000001010011001100000100001110001110000000000000010000000000000000000000000000
BGC0001156,0000001110111001101000010000000001100000000000000000000000000000000000000000000
BGC0001157,0000001010011001101000010001110000110000000000000010000000000000000000000000000
BGC0001158,0000001000110001110000000000000001111000000000000000000000000000000000000000000
BGC0001159,0000000000010001100000001000000101100000000000000000010000000000000000000000000
BGC0001160,0000001110100000000000000000000000000000000000000000000000000000000000000000000
BGC0001161,0000001110100000000000000000000000000000000000000000000000000000000000000000000
BGC0001162,0000001110100000000000000000000000000000000000000000000000000000000000000000000
BGC0001163,0000001110100000000000000000000000000000000000000000000000000000000000000000000
BGC0001164,0000001110100000000000000000000000000000000000000000000000000000000000000000000
BGC0001165,0000001110101001000000000001000000010000000000000100000000000000000000000000000
BGC0001166,0000001010000001000000000001010001110000000000000000000000000000000000000000000
BGC0001169,0000001010101001100000001000000001110000000000000000000000000000000000000000000
BGC0001172,0000000010011001100000000000000101100000000000000000010000000000000000000000000
BGC0001176,0000001010011001100010010000010001100000000000000000000000000000000000000000000
BGC0001177,0000001000011001101000000000000001110000000000000000000000000000000000000000000
BGC0001179,0000001010111001111000000000000001110000000000000000000000000000000000000000000
BGC0001180,0000001000111000100000000000000001000000000000000000000000000000000000000000000
BGC0001182,0000001010111001111000011000000001110000000000000000000000000000000000000000000
BGC0001184,0000001010001001000010000000000000110000000000000000000000000000000000000000000
BGC0001185,0000001010010001100000000001000001110000000000000000000000000000000000000000000
BGC0001190,0000001010010001100000000000100001100000000000000000000000000000000000000000000
BGC0001192,0000001010001001000010010000000001100000000000000000000000000000000000000000000
BGC0001193,0000001000010001100000010000000100100000000000000010000000000000000000000000000
BGC0001200,0000001010110001100000000000000001100000000000000000000000000000000000000000000
BGC0001201,0000001110101001001000000000000000000000000000000000000000000000000000000000000
BGC0001204,0000001010101001001000000000000001110000000000000000000000000000000000000000000
BGC0001205,0000001010011001101000010000010000110000000000000000000000000000000000000000000
BGC0001206,0000001000011001110000011001000000110000000000000000000000000000000000000000000
BGC0001207,0000001010011001100010010001000001110000000000000000000000000000000000000000000
BGC0001209,0000001010011001110010011000000001100000000000000100000000000000000000000000000
BGC0001219,0000001010000001000000000000000001100000000000000000000000000000000000000000000
BGC0001221,0000001010110001110000000000100101010000000000000000000000000000000000000000000
BGC0001225,0000001010011001100000010000010001110000000000000100000000000000000000000000000
BGC0001231,0000001010111001111000011000010001100000000000000000010000000000000000000000000
BGC0001238,0000000010000001000000010001000001100000000000000100000000000000000000000000000
BGC0001239,0000000010000001000000010001000001100000000000000100000000000000000000000000000
BGC0001240,0000000010001001001010010000010001100000000000000000000000000000000000000000000
BGC0001241,0000001010111001111000011000010001110000000000000000000000000000000000000000000
BGC0001242,0000001010100001101000000000000001110000000000000000000000000000000000000000000
BGC0001243,0000001010101001001000000000000001110000000000000000000000000000000000000000000
BGC0001244,0000001010011001100000000000000001110000000000000000000000000000000000000000000
BGC0001245,0000001010011001100000000000000001110000000000000000000000000000000000000000000
BGC0001247,0000001010011000110000000000000001110000000000000000000000000000000000000000000
BGC0001248,0000001010001001001000000000000001110000000000000000000000000000000000000000000
BGC0001249,0000001010101001000000010000010001110000000000000000000000000000000000000000000
BGC0001255,0000001010101001001000000000010001100000000000000000000000000000000000000000000
BGC0001256,0000000000010001100000000000000001100000000000000000000000000000000000000000000
BGC0001259,0000001000011001110000000000000001110000000000000000000000000000000000000000000
BGC0001260,0000001010011000111000001000000001010000000000000000000000000000000000000000000
BGC0001261,0000001110011001100000010000000000110000000000000000000000000000000000000000000
BGC0001263,0000001010111001110000011000010001100000000000000000000000000000000000000000000
BGC0001264,0000001010101001001000000000000001100000000000000000000000000000000000000000000
BGC0001265,0000001000010000110000001000000000100000000000000000000000000000000000000000000
BGC0001267,0000001010111001110000001000010001000000000000000000000000000000000000000000000
BGC0001269,0000001110001001001000000000000001110000000000000000000000000000000000000000000
BGC0001271,0000001010110001110000000000000001111000000000000000000000000000000000000000000
BGC0001272,0000001000011001110000000000000001110000000000000000000000000000000000000000000
BGC0001273,0000001000101001000000000000000001110000000000000000000000000000000000000000000
BGC0001275,0000001000010001100000000000000001100000000000000000000000000000000000000000000
BGC0001276,0000001000010001100000000000000001100000000000000000000000000000000000000000000
BGC0001277,0000001010101001001000000000000001110000000000000000000000000000000000000000000
BGC0001278,0000001010101001001000000000000001110000000000000000000000000000000000000000000
BGC0001279,0000001010101001001000000000000001010000000000000000000000000000000000000000000
BGC0001280,0000001010101001001000000000000001100000000000000000000000000000000000000000000
BGC0001281,0000001010001001000000000000000001110000000000000000000000000000000000000000000
BGC0001282,0000001010011001111000001000000001110000000000000000000000000000000000000000000
BGC0001286,0000000110000001000000000000000001100000000000000000000000000000000000000000000
BGC0001288,0000001010101001001000000000000001110000000000000000000000000000000000000000000
BGC0001290,0000001010001001000000010000000000110000000000000000000000000000000000000000000
BGC0001292,0000000000010001110000010000100001101000000000000000000000000000000000000000000
BGC0001293,0000001010101001001000000000010001010000000000000000000000000000000000000000000
BGC0001295,0000001000010001100000000100000001110000000000000000000000000000000000000000000
BGC0001302,0000001000110001110000001000100001110000000000000000000000000000000000000000000
BGC0001304,0000001010010000110000000000000001111000000000000000000000000000000000000000000
BGC0001310,0000000010011001100000000000000001110000000000000000000000000000000000000000000
BGC0001312,0000001010001001000000010000000001110000000000000000000000000000000000000000000
BGC0001314,0000001010101001001000000000000001000000000000000000000000000000000000000000000
BGC0001322,0000001010101001001000000000000001100000000000000000000000000000000000000000000
BGC0001325,0000001010011001100000000000010000110000000000000000000000000000000000000000000
BGC0001327,0000001110001001000000100001010001110000000000000000000000000000000000000000000
BGC0001328,0000001110001001000000100001010001110000000000000000000000000000000000000000000
BGC0001329,0000001110000001000000100001010001110000000000000000000000000000000000000000000
BGC0001330,0000001110101001001000010000010001110000000000000000000000000000000000000000000
BGC0001333,0000001000010001111000000000010101110000000000000000010000000000000000000000000
BGC0001334,0000001000010001111000001000010101110000000000000000010000000000000000000000000
BGC0001335,0000001000010001111000001000010000110000000000000000010000000000000000000000000
BGC0001340,0000001010001001000000000000000000110000000000000000000000000000000000000000000
BGC0001341,0000001000001001000000010000000000110000000000000000000000000000000000000000000
BGC0001343,0000001010111001111000000000000101010000000000000000000000000000000000000000000
BGC0001344,0000001010011001100000010000110001110000000000000010000000000000000000000000000
BGC0001345,0000000010011001100000010000000001100000000000000000000000000000000000000000000
BGC0001349,0000001010101001000000010000000001100000000000000000000000000000000000000000000
BGC0001353,0000001100100001001000000000000001100000000000000100000000000000000000000000000
BGC0001357,0000001010011001100010000000000001110000000000000000010000000000000000000000000
BGC0001358,0000001010101001001000010000010001100000000000000000000000000000000000000000000
BGC0001360,0000001010010000110000000000100101000000000000000100000000000000000001000000000
BGC0001361,0000001100001001001000000000000000000000000000000000000000000000000000000000000
BGC0001362,0000000000010001110000000000000001100000000000000010000000000000000000000000000
BGC0001366,0000001010011001101000000000000001110000000000000000000000000000000000000000000
BGC0001368,0000001010011001111000010001000101110000000000000000010000000000000000000000000
BGC0001373,0000001010101001001000000000000001110000000000000000000000000000000000000000000
BGC0001374,0000000000010001110010001000000000100000000000000010010000000000000000000000000
BGC0001375,0000001110011001111000001000000001010000000000000000010000000000000000000000000
BGC0001377,0000001000111011101000010000000001110000000000000000000000000000000000000000000
BGC0001381,0000001010101001001000000000000001110000000000000000000000000000000000000000000
BGC0001384,0000001010111001101000000000000001110000000000000000000000000000000000000000000
BGC0001385,0000001010001001000000000000000000110000000000000000000000000000000000000000000
BGC0001387,0000000010011000111010000000100101110100000000000000100000000000000000000000000
BGC0001390,0000001010110001100000000000000001100000000000000000000000000000000000000000000
BGC0001394,0000001010111001100000010000000001100000000000000000000000000000000000000000000
BGC0001396,0000001010101001001000000000000001110000000000000000000000000000000000000000000
BGC0001398,0000001110111001101000010000010001110000000000000000010000000000000000000000000
BGC0001399,0000001010101001000010010000000001100000000000000000000000000000000000000000000
BGC0001400,0000001000111001101000000000000001111000000000000000000000000000000000000000000
BGC0001402,0000001010011001100000010000010001100000000000000000010000000000000000000000000
BGC0001403,0000001000110001101000000000000000110000000000000000000000000000000000000000000
BGC0001405,0000001000101001001000000000000001110000000000000000010000000000000000000000000
BGC0001429,0000001010101001000010010000010000110000000000000000000000000000000000000000000
BGC0001430,0000001010101001000010010000010000110000000000000000000000000000000000000000000
BGC0001431,0000001010101001000010010000010000110000000000000000000000000000000000000000000
BGC0001433,0000001010100001000000000001000000000000000000000000000000000000000000000000000
BGC0001436,0000001010101001000000000000000001110000000000000000000000000000000000000000000
BGC0001437,0000000010011001100000010000001001110000000000000000000000000000000000000000000
BGC0001441,0000001010001001000010010000000001110000000000000000000000000000000000000000000
BGC0001442,0000001010001001000000010000010001100000000000000000000000000000000000000000000
BGC0001443,0000001010001001000000010000010001100000000000000100000000000000000000000000000
BGC0001445,0000001010111000100000000000000101110000000000000000000000000000000000000000000
BGC0001446,0000001010011001100000000000000001100000000000000000000000000000000000000000000
BGC0001449,0000001010101001001000000000010001110000000000000000000000000000000000000000000
BGC0001450,0000001110101001001000000000000001110000000000000000000000000000000000000000000
BGC0001459,0000001010011001101010010000000001110000000000000000010000000000000000000000000
BGC0001460,0000001010011001101010010000000001110000000000000000010000000000000000000000000
BGC0001462,0000001010011001100010010000000001110000000000000000010000000000000000000000000
BGC0001467,0000001010011001100000000000010001110000000000000000000000000000000000000000000
BGC0001468,0000001110001001001000010000000001110000000000000000000000000000000000000000000
BGC0001469,0000001010011001100000010001100000100000000000000110000000000000000000000000000
BGC0001478,0000000010000001000000010000010001100000000000000000000000000000000000000000000
BGC0001481,0000001010101001001000000000000001000000000000000000000000000000000000000000000
BGC0001484,0000000010111000100000010001100101010000000000000000010000000000000000000000000
BGC0001488,0000000000101001000010010000000001110000000000000000000000000000000000000000000
BGC0001497,0000001010001001000000010000010001100000000000000000000000000000000000000000000
BGC0001498,0000001010000001001000000001010001100000000000000000000000000000000000000000000
BGC0001499,0000001010000001001000000001010001100000000000000000000000000000000000000000000
BGC0001501,0000001110110001111000001000000001000000000000000000000000000000000000000000000
BGC0001502,0000000010011001100010010000000001100000000000000000000000000000000000000000000
BGC0001508,0000001010101001001000000000000000110000000000000000000000000000000000000000000
BGC0001510,0000001010011001100000010000000001110000000000000000000000000000000000000000000
BGC0001511,0000001010111001101000010000010001110000000000000000010000000000000000000000000
BGC0001512,0000001010011001101000000000000001110000000000000000000000000000000000000000000
BGC0001513,0000001010011001101000000000000001110000000000000000000000000000000000000000000
BGC0001514,0000000010011000110010000000100101000000000000000000000000000000000000000000000
BGC0001516,0000001010011000100000000000100101100000000000000000000000000000000000000000000
BGC0001517,0000000010011001100000010000000000110000000000000000000000000000000000000000000
BGC0001518,0000001010011001101000000000000000110000000000000000000000000000000000000000000
BGC0001519,0000001010001001001000010000010001110000000000000000000000000000000000000000000
BGC0001523,0000001010101001001010000001000001110000000000000000000000000000000000000000000
BGC0001530,0000001110000001001000000001000001010000000000000000000000000000000000000000000
BGC0001531,0000000010000001000010010000010001100000000000000000000000000000000000000000000
BGC0001533,0000001010101011000000000100000001110000000000000000000000000000000000000000000
BGC0001537,0000001010101001001000000000000001110000000000000000000000000000000000000000000
BGC0001538,0000000000010001110000000000100001101000000000000000000000000000000000000000000
BGC0001540,0000001010111001111010001000010001110000000000000000000000000000000000000000000
BGC0001541,0000001010011000110000000000000001110000000000000000000000000000000000000000000
BGC0001542,0000001010011000110000000000000001110000000000000000000000000000000000000000000
BGC0001544,0000001000010000110000000000000001111000000000000000010000000000000000000000000
BGC0001545,0000001000011000110000001000100001100000000000000000000000000000000000000000000
BGC0001546,0000001000011001110000001000000001100000000000000100000000000000000000000000000
BGC0001554,0000001010101001001010010001000001100000000000000000000000000000000000000000000
BGC0001557,0000001010101001000000000000000001110000000000000000000000000000000000000000000
BGC0001558,0000001010011001101000000000010001110000000000000000000000000000000000000000000
BGC0001565,0000001010101001000000010000010001100000000000000000000000000000000000000000000
BGC0001566,0000001010011000100000000000000001000000000000000000000000000000000000000000000
BGC0001571,0000001010011001101000000000000001101000000000000000000000000000000000000000000
BGC0001572,0000000010000001000000010000010001100000000000000000000000000000000000000000000
BGC0001573,0000001010011001110000001000010001100000000000000000000000000000000000000000000
BGC0001580,0000001010101001000000000000000001110000000000000000000000000000000000000000000
BGC0001581,0000001010101001000100010000000001110000000000000000000000000000000000000000000
BGC0001582,0000001010011001110000011000010001110000000000000000000000000000000000000000000
BGC0001583,0000001000010001100000000000000001100000000000000000000000000000000000000000000
BGC0001584,0000001110111011101010010000010001110000000000000000010000000000000000000000000
BGC0001585,0000001010011001101000010000010001100000000000000100000000000000000000000000000
BGC0001593,0000001010001001000010010001010001100000000000000000000000000000000000000000000
BGC0001597,0000001010001001000010010000000001110000000000000000000000000000000000000000000
BGC0001599,0000001010001001000000010001010001100000000000000000000000000000000000000000000
BGC0001603,0000001010001000001010010000000001010000000000000000000000000000000000000000000
BGC0001604,0000001110101001001000000000000001110000000000000000000000000000000000000000000
BGC0001605,0000001110101001001000000000000001110000000000000000000000000000000000000000000
BGC0001606,0000001000110001100000000000000000101000000000000000000000000000000000000000000
BGC0001607,0000001010111001111000001000010001110000000000000000000000000000000000000000000
BGC0001610,0000001010011001100010010000100101110000000000000000000000000000000000000000000
BGC0001616,0000001010111001100000010000000001101000000000000000000000000000000000000000000
BGC0001617,0000001110001001001000000000000000000000000000000000000000000000000000000000000
BGC0001628,0000001010011001100000010000000001100000000000000000000000000000000000000000000
BGC0001630,0000000010011001110010011001000001100000000000000000000000000000000000000000000
BGC0001631,0000000010011001110010011001000001100000000000000000000000000000000000000000000
BGC0001635,0000000010011001110010011000000001110000000000000000010000000000000000000000000
BGC0001642,0000001010001000001000000000000001000000000000000000000000000000000000000000000
BGC0001648,0000001010011001101000000000000001110000000000000000000000000000000000000000000
BGC0001652,0000001010111001100000010000010001110000000000000000000000000000000000000000000
BGC0001656,0000001010101001000000000000010001110000000000000000000000000000000000000000000
BGC0001659,0000001010101001001000000000000001000000000000000000000000000000000000000000000
BGC0001661,0000001010011001110000010000000001110000000000000000000000000000000000000000000
BGC0001667,0000001110111001100010010001010001110000000000000000000000000000000000000000000
BGC0001668,0000000010011001100000000000000001110000000000000000000000000000000000000000000
BGC0001670,0000001010001001001000000000000001110000000000000000000000000000000000000000000
BGC0001671,0000001000010001101000111001010001110000000000000010100000000000000000000000000
BGC0001672,0000001000010001101000111001010001110000000000000010100000000000000000000000000
BGC0001675,0000001010010001100000000000000001100000000000000000000000000000000000000000000
BGC0001676,0000001000010001100000010000000000110000000000000000000000000000000000000000000
BGC0001677,0000001010100001100000000000000001110000000000000000000000000000000000000000000
BGC0001679,0000001010011001110000011000000001100000000000000000000000000000000000000000000
BGC0001690,0000001010101001001010000000000001110000000000000000000000000000000000000000000
BGC0001691,0000000010101000000000000001000001000000000000000000000000000000000000000000000
BGC0001692,0000001010011001110000011000000000100000000000000000000000000000000000000000000
BGC0001695,0000001010111001101000010000000001110000000000000000000000000000000000000000000
BGC0001700,0000001010101001001010010001000001110000000000000000000000000000000000000000000
BGC0001702,0000001010101001001000010000000001110000000000000000000000000000000000000000000
BGC0001707,0000001110111001110010011001100001110000000000000110000000000000000000000000000
BGC0001709,0000001010101001001010000000000001110000000000000000000000000000000000000000000
BGC0001710,0000000010011001100000010000001001110000000000000000000000000000000000000000000
BGC0001711,0000001010011001110010011000000001110000000000000000000000000000000000000000000
BGC0001712,0000001010110001110000001000000001010000000000000000000000000000000000000000000
BGC0001714,0000000010101001000010110000010001100000000000000000000000000000000000000000000
BGC0001717,0000001000111001111000001000010001110000000000000000000000000000000000000000000
BGC0001718,0000001010111001111000001000010001110000000000000000000000000000000000000000000
BGC0001720,0000001000000001000000000000000001100000000000000000000000000000000000000000000
BGC0001722,0000001000110000100000000000000001100000000000000000000000000000000000000000000
BGC0001723,0000001000010000110000000000000001100000000000000000000000000000000000000000000
BGC0001725,0000000010010000110010000000100101010000000000000000000000000000000000000000000
BGC0001729,0000001010101001001000000000000001110000000000000000000000000000000000000000000
BGC0001734,0000001010011001110000010000100100110000000000000000000000000000000000000000000
BGC0001735,0000000010111000100000010001100101010000000000000000000000000000000000000000000
BGC0001738,0000001010101001001000000000010001100000000000000000000000000000000000000000000
BGC0001739,0000000010000001000000000000000001100000000001000000000000000000000000000000000
BGC0001741,0000001010001001001000000000010001110000000000000000000000000000000000000000000
BGC0001742,0000001010101001100000001000000001110000000000000000000000000000000000000000000
BGC0001747,0000001010001001001000010000000001110000000000000000000000000000000000000000000
BGC0001749,0000001000111000100000000000000001100000000000000000000000000000000000000000000
BGC0001753,0000001110011001100010010000100000101000000000000010000000000000000000000000000
BGC0001763,0000001110111001111000010000011101100000000000000000000000000000000000000000000
BGC0001768,0000001010011001100000010000000000110000000000000000000000000000000000000000000
BGC0001769,0000001010111001101000000000000001110000000000000000000000000000000000000000000
BGC0001772,0000001010101001001000000000010001110000000000000000000000000000000000000000000
BGC0001774,0000001010011001110000011000100001110000000000000000000000000000000000000000000
BGC0001775,0000001010111001111000001000000001110000000000000000000000000000000000000000000
BGC0001776,0000001010111001111000001000000001110000000000000000000000000000000000000000000
BGC0001777,0000001010111001111000001000000001110000000000000000000000000000000000000000000
BGC0001778,0000000010101001000000010000000001110000000000000000000000000000000000000000000
BGC0001779,0000001010011001110010011000000001100000000000000100000000000000000000000000000
BGC0001780,0000001110110001100000000001100001111000000000000000000000000000000000000000000
BGC0001783,0000001000010001100010000000100001110000000000000000000000000000000000000000000
BGC0001790,0000001010001001001010010000010001110000000000000000100000000000000000000000000
BGC0001792,0000001010011001100010010000000000100000000000000000000000000000000000000000000
BGC0001793,0000000010000000000000000000010001000000000000000000000000000000000000000000000
BGC0001794,0000000010000000000000000000010001000000000000000000000000000000000000000000000
BGC0001795,0000001010101001000000000000000001110000000000000000000000000000000000000000000
BGC0001796,0000001010011001110010011001000001100000000000000000000000000000000000000000000
BGC0001797,0000001010011001100000000001100000001000000000000100000000000000000000000000000
BGC0001798,0000001010101001001000000000010001110000000000000000000000000000000000000000000
BGC0001799,0000001010111001101000000000010000010000000000000000000000000000000000000000000
BGC0001800,0000001010111001100010010000000101110000000000000000000000000000000001000000000
BGC0001801,0000001010011001101000000001010001100000000000000100000000000000000000000000000
BGC0001803,0000001010111001101000000001000101100000000000010100000000000000000000000000000
BGC0001804,0000001010101001000000000000000001110000000000000000000000000000000000000000000
BGC0001805,0000000010011001110000011000010001100000000000000000000000000000000000000000000
BGC0001806,0000001010101001000010110000010001110000000000000000000000000000000000000000000
BGC0001808,0000000010011010110010000100100101010000000000000000000000000000000000000000000
BGC0001820,0000001010011001101000010000010001100000000000000100000000000000000000000000000
BGC0001822,0000001010101001000000010001010001110000000000000100000000000000000000000000000
BGC0001825,0000001010011001110000011000000000110000000000000000000000000000000000000000000
BGC0001828,0000001010101001000000000000000001110000000000000000000000000000000000000000000